Fecha;CCAA;Precio Biodiesel;Precio Bioetanol;Precio Gas Natural Comprimido;Precio Gas Natural Licuado;Precio Gases licuados del petróleo;Precio Gasoleo A;Precio Gasoleo B;Precio Gasoleo Premium;Precio Gasolina 95 E10;Precio Gasolina 95 E5;Precio Gasolina 95 E5 Premium;Precio Gasolina 98 E10;Precio Gasolina 98 E5;% BioEtanol;% Éster metílico
01-05-2022;ANDALUCÍA;1.787;;2.33;2.05;1.008;1.872;1.44;1.978;1.884;1.841;1.94;1.855;1.993;0.0;0.038
01-05-2022;ARAGÓN;;;2.031;2.079;0.976;1.871;1.389;1.97;;1.844;1.948;;2.0;0.0;0.0
01-05-2022;PRINCIPADO DE ASTURIAS;;2.069;1.888;1.938;1.024;1.926;1.54;2.011;1.969;1.885;1.964;;2.027;0.109;0.0
01-05-2022;BALEARES;;;;;1.002;1.971;1.565;2.044;2.009;1.924;2.024;;2.061;0.0;0.0
01-05-2022;CANARIAS;;;2.399;;0.795;1.458;;1.562;;1.466;1.441;;1.579;0.0;0.0
01-05-2022;CANTABRIA;1.879;;;;0.991;1.893;1.454;1.978;;1.868;1.989;;2.002;0.0;0.458
01-05-2022;CASTILLA LA MANCHA;;;2.423;2.273;0.986;1.882;1.407;1.998;1.864;1.854;1.949;1.898;1.994;0.0;0.0
01-05-2022;CASTILLA Y LEÓN;1.896;;2.15;1.978;0.993;1.897;1.468;1.989;1.737;1.865;1.964;1.887;2.008;0.0;0.065
01-05-2022;CATALUÑA;1.806;2.182;2.252;2.132;0.997;1.892;1.473;1.993;1.883;1.856;1.962;;2.02;0.057;0.095
01-05-2022;COMUNIDAD VALENCIANA;1.798;;2.317;2.149;0.989;1.885;1.471;1.988;1.909;1.854;1.957;1.985;2.008;0.0;0.011
01-05-2022;EXTREMADURA;1.867;;1.964;1.978;0.985;1.892;1.448;1.996;;1.846;1.94;;1.991;0.0;0.064
01-05-2022;GALICIA;;2.098;2.74;2.252;1.0;1.906;1.524;1.987;1.984;1.872;1.956;1.989;1.997;0.121;0.0
01-05-2022;COMUNIDAD DE MADRID;2.009;;2.383;2.066;0.994;1.92;1.556;2.013;1.949;1.873;1.994;;2.027;0.0;0.025
01-05-2022;REGIÓN DE MURCIA;;;2.51;2.234;0.995;1.872;1.498;1.956;1.95;1.836;1.897;1.969;1.973;0.0;0.0
01-05-2022;COMUNIDAD FORAL DE NAVARRA;;;2.264;1.789;0.984;1.862;1.395;1.966;1.929;1.845;1.93;;1.994;0.0;0.0
01-05-2022;PAIS VASCO;1.905;1.708;2.022;2.134;0.979;1.929;1.54;2.022;;1.885;1.957;;2.032;0.514;0.181
01-05-2022;LA RIOJA;;;1.87;;0.977;1.874;1.412;1.972;;1.855;1.989;;1.997;0.0;0.0
01-05-2022;CIUDAD AUTÓNOMA DE CEUTA;;;;;;1.578;;1.626;;1.525;1.589;;1.548;0.0;0.0
01-05-2022;CIUDAD AUTÓNOMA DE MELILLA;;;;;;1.494;;1.534;;1.462;;;;0.0;0.0
02-05-2022;ANDALUCÍA;1.787;;2.33;2.05;1.008;1.874;1.441;1.98;1.884;1.842;1.941;1.855;1.994;0.0;0.038
02-05-2022;ARAGÓN;;;2.031;2.079;0.976;1.872;1.389;1.971;;1.844;1.947;;2.0;0.0;0.0
02-05-2022;PRINCIPADO DE ASTURIAS;;2.149;1.888;1.938;1.024;1.927;1.541;2.012;2.049;1.886;1.963;;2.027;0.109;0.0
02-05-2022;BALEARES;;;;;1.002;1.974;1.568;2.047;1.999;1.925;2.023;;2.062;0.0;0.0
02-05-2022;CANARIAS;;;;;0.795;1.46;;1.567;;1.468;1.477;;1.583;0.0;0.0
02-05-2022;CANTABRIA;1.879;;;;0.991;1.895;1.455;1.98;;1.869;1.982;;2.004;0.0;0.458
02-05-2022;CASTILLA LA MANCHA;;;2.423;2.273;0.986;1.884;1.408;2.0;1.864;1.855;1.95;1.898;1.995;0.0;0.0
02-05-2022;CASTILLA Y LEÓN;1.896;;2.15;1.978;0.993;1.898;1.476;1.99;1.737;1.865;1.963;1.887;2.008;0.0;0.065
02-05-2022;CATALUÑA;1.806;2.182;2.252;2.132;0.997;1.894;1.474;1.995;1.895;1.857;1.962;;2.02;0.057;0.095
02-05-2022;COMUNIDAD VALENCIANA;1.798;;2.317;2.149;0.989;1.886;1.472;1.99;1.914;1.855;1.955;1.985;2.009;0.0;0.011
02-05-2022;EXTREMADURA;1.867;;1.964;1.978;0.985;1.894;1.449;1.998;;1.847;1.941;;1.992;0.0;0.064
02-05-2022;GALICIA;;2.098;2.74;2.252;1.0;1.908;1.526;1.989;1.984;1.874;1.955;1.989;1.998;0.121;0.0
02-05-2022;COMUNIDAD DE MADRID;2.009;;2.383;2.066;0.994;1.921;1.559;2.015;1.949;1.873;1.993;;2.028;0.0;0.025
02-05-2022;REGIÓN DE MURCIA;;;2.51;2.234;0.995;1.874;1.499;1.958;1.95;1.837;1.897;1.969;1.973;0.0;0.0
02-05-2022;COMUNIDAD FORAL DE NAVARRA;;;2.264;1.789;0.984;1.863;1.396;1.969;1.929;1.846;1.931;;1.994;0.0;0.0
02-05-2022;PAIS VASCO;1.909;1.708;2.022;2.134;0.979;1.931;1.543;2.024;;1.887;1.96;;2.033;0.514;0.181
02-05-2022;LA RIOJA;;;1.87;;0.977;1.876;1.412;1.974;;1.857;1.989;;1.999;0.0;0.0
02-05-2022;CIUDAD AUTÓNOMA DE CEUTA;;;;;;1.578;;1.626;;1.525;1.589;;1.548;0.0;0.0
02-05-2022;CIUDAD AUTÓNOMA DE MELILLA;;;;;;1.494;;1.534;;1.462;;;;0.0;0.0
03-05-2022;ANDALUCÍA;1.8;;2.308;1.992;1.008;1.878;1.444;1.984;1.894;1.847;1.946;1.855;1.999;0.0;0.038
03-05-2022;ARAGÓN;;;1.988;2.021;0.976;1.875;1.392;1.976;;1.85;1.954;;2.007;0.0;0.0
03-05-2022;PRINCIPADO DE ASTURIAS;;2.149;1.801;1.764;1.024;1.931;1.545;2.018;2.049;1.892;1.969;;2.034;0.108;0.0
03-05-2022;BALEARES;;;;;1.002;1.982;1.572;2.054;2.029;1.931;2.024;;2.071;0.0;0.0
03-05-2022;CANARIAS;;;2.399;;0.795;1.464;;1.572;;1.472;1.477;;1.587;0.0;0.0
03-05-2022;CANTABRIA;1.899;;;;0.995;1.906;1.464;1.991;;1.878;1.98;;2.015;0.0;0.458
03-05-2022;CASTILLA LA MANCHA;;;2.389;2.22;0.986;1.892;1.41;2.007;1.899;1.863;1.959;1.898;2.003;0.0;0.0
03-05-2022;CASTILLA Y LEÓN;1.896;;2.101;1.913;0.994;1.903;1.48;1.996;1.737;1.871;1.967;1.887;2.014;0.0;0.065
03-05-2022;CATALUÑA;1.834;2.202;2.205;2.059;0.998;1.905;1.481;2.004;1.897;1.864;1.967;;2.028;0.056;0.095
03-05-2022;COMUNIDAD VALENCIANA;1.818;;2.214;2.03;0.989;1.896;1.482;1.998;1.974;1.863;1.962;1.985;2.017;0.0;0.011
03-05-2022;EXTREMADURA;1.898;;1.945;1.97;0.985;1.899;1.453;2.006;;1.854;1.945;;2.0;0.0;0.065
03-05-2022;GALICIA;;2.118;2.74;2.194;1.002;1.918;1.532;1.999;2.002;1.884;1.959;2.009;2.006;0.121;0.0
03-05-2022;COMUNIDAD DE MADRID;2.009;;2.358;1.938;0.995;1.926;1.561;2.019;1.959;1.878;1.994;;2.032;0.0;0.025
03-05-2022;REGIÓN DE MURCIA;;;2.51;2.19;0.995;1.88;1.502;1.963;1.95;1.842;1.9;1.969;1.977;0.0;0.0
03-05-2022;COMUNIDAD FORAL DE NAVARRA;;;2.264;1.789;0.984;1.877;1.408;1.98;1.929;1.856;1.948;;2.01;0.0;0.0
03-05-2022;PAIS VASCO;1.915;1.708;1.993;2.094;0.979;1.94;1.555;2.032;;1.896;1.968;;2.042;0.511;0.18
03-05-2022;LA RIOJA;;;1.87;;0.977;1.892;1.43;1.992;;1.873;1.999;;2.017;0.0;0.0
03-05-2022;CIUDAD AUTÓNOMA DE CEUTA;;;;;;1.583;;1.632;;1.532;1.589;;1.558;0.0;0.0
03-05-2022;CIUDAD AUTÓNOMA DE MELILLA;;;;;;1.494;;1.534;;1.462;;;;0.0;0.0
04-05-2022;ANDALUCÍA;1.813;;2.308;1.992;1.011;1.891;1.453;1.998;1.889;1.858;1.954;1.899;2.011;0.0;0.038
04-05-2022;ARAGÓN;;;1.988;2.021;0.974;1.886;1.397;1.986;;1.859;1.964;;2.016;0.0;0.0
04-05-2022;PRINCIPADO DE ASTURIAS;;2.149;1.801;1.764;1.021;1.942;1.549;2.029;2.049;1.902;1.975;;2.044;0.107;0.0
04-05-2022;BALEARES;;;;;1.002;1.992;1.577;2.063;2.035;1.939;2.03;;2.081;0.0;0.0
04-05-2022;CANARIAS;;;2.399;;0.795;1.467;;1.575;;1.474;1.489;;1.589;0.0;0.0
04-05-2022;CANTABRIA;1.899;;;;0.997;1.919;1.475;2.002;;1.888;1.997;;2.025;0.0;0.458
04-05-2022;CASTILLA LA MANCHA;;;2.387;2.22;0.987;1.902;1.418;2.016;1.899;1.871;1.965;1.934;2.011;0.0;0.0
04-05-2022;CASTILLA Y LEÓN;1.899;;2.101;1.913;0.994;1.916;1.492;2.008;1.777;1.881;1.975;1.967;2.024;0.0;0.065
04-05-2022;CATALUÑA;1.833;2.202;2.197;2.059;0.999;1.913;1.487;2.012;1.923;1.871;1.973;;2.035;0.056;0.095
04-05-2022;COMUNIDAD VALENCIANA;1.818;;2.214;2.03;0.99;1.904;1.489;2.006;1.975;1.871;1.969;1.985;2.025;0.0;0.011
04-05-2022;EXTREMADURA;1.918;;1.945;1.97;0.996;1.909;1.46;2.015;;1.864;1.956;;2.008;0.0;0.065
04-05-2022;GALICIA;;2.099;2.74;2.194;1.005;1.929;1.538;2.008;2.006;1.893;1.969;2.009;2.016;0.121;0.0
04-05-2022;COMUNIDAD DE MADRID;2.044;;2.321;1.938;0.995;1.938;1.57;2.032;1.959;1.889;2.0;;2.046;0.0;0.025
04-05-2022;REGIÓN DE MURCIA;;;2.51;2.19;0.997;1.892;1.512;1.976;1.95;1.85;1.902;1.999;1.987;0.0;0.0
04-05-2022;COMUNIDAD FORAL DE NAVARRA;;;2.264;1.789;0.986;1.884;1.413;1.987;1.929;1.862;1.957;;2.018;0.0;0.0
04-05-2022;PAIS VASCO;1.921;1.708;1.993;2.094;0.979;1.95;1.562;2.04;;1.904;1.973;;2.048;0.511;0.18
04-05-2022;LA RIOJA;;;1.87;;0.977;1.897;1.433;1.998;;1.878;1.999;;2.023;0.0;0.0
04-05-2022;CIUDAD AUTÓNOMA DE CEUTA;;;;;;1.596;;1.639;;1.547;1.589;;1.578;0.0;0.0
04-05-2022;CIUDAD AUTÓNOMA DE MELILLA;;;;;;1.502;;1.545;;1.472;;;;0.0;0.0
05-05-2022;ANDALUCÍA;1.825;;1.962;1.67;1.011;1.898;1.459;2.003;1.889;1.864;1.955;1.899;2.017;0.0;0.038
05-05-2022;ARAGÓN;;;1.982;1.981;0.974;1.889;1.402;1.989;;1.864;1.966;;2.018;0.0;0.0
05-05-2022;PRINCIPADO DE ASTURIAS;;2.149;1.858;1.764;1.021;1.947;1.551;2.031;2.069;1.906;1.98;;2.046;0.107;0.0
05-05-2022;BALEARES;;;;;1.001;1.992;1.583;2.062;2.034;1.942;2.028;;2.084;0.0;0.0
05-05-2022;CANARIAS;;;2.399;;0.795;1.473;;1.58;;1.477;1.489;;1.592;0.0;0.0
05-05-2022;CANTABRIA;1.899;;;;1.003;1.925;1.482;2.009;;1.895;1.996;;2.03;0.0;0.458
05-05-2022;CASTILLA LA MANCHA;;;2.025;2.008;0.989;1.908;1.424;2.019;1.899;1.876;1.964;1.934;2.014;0.0;0.0
05-05-2022;CASTILLA Y LEÓN;1.935;;2.022;1.898;0.994;1.921;1.496;2.01;1.777;1.887;1.977;1.967;2.027;0.0;0.065
05-05-2022;CATALUÑA;1.841;2.202;2.016;1.939;1.0;1.916;1.493;2.014;1.925;1.874;1.974;;2.038;0.056;0.095
05-05-2022;COMUNIDAD VALENCIANA;1.834;;2.007;1.883;0.99;1.909;1.493;2.008;1.969;1.876;1.968;1.985;2.029;0.0;0.011
05-05-2022;EXTREMADURA;1.918;;1.956;1.946;0.985;1.917;1.467;2.02;;1.869;1.956;;2.011;0.0;0.065
05-05-2022;GALICIA;;2.099;2.099;2.194;1.007;1.935;1.545;2.013;2.011;1.898;1.97;2.059;2.02;0.121;0.0
05-05-2022;COMUNIDAD DE MADRID;2.059;;2.078;1.921;0.995;1.942;1.569;2.034;1.959;1.895;2.002;;2.05;0.0;0.025
05-05-2022;REGIÓN DE MURCIA;;;2.097;1.983;1.0;1.897;1.517;1.979;1.95;1.855;1.901;1.999;1.991;0.0;0.0
05-05-2022;COMUNIDAD FORAL DE NAVARRA;;;1.914;1.789;0.986;1.892;1.423;1.991;1.929;1.868;1.954;;2.023;0.0;0.0
05-05-2022;PAIS VASCO;1.927;1.728;1.92;1.947;0.979;1.954;1.561;2.042;;1.907;1.979;;2.051;0.512;0.181
05-05-2022;LA RIOJA;;;1.87;;0.977;1.901;1.439;2.002;;1.883;2.004;;2.025;0.0;0.0
05-05-2022;CIUDAD AUTÓNOMA DE CEUTA;;;;;;1.6;;1.639;;1.547;1.589;;1.578;0.0;0.0
05-05-2022;CIUDAD AUTÓNOMA DE MELILLA;;;;;;1.513;;1.558;;1.479;;;;0.0;0.0
06-05-2022;ANDALUCÍA;1.83;;1.962;1.67;1.013;1.9;1.461;2.006;1.889;1.869;1.958;1.899;2.025;0.0;0.038
06-05-2022;ARAGÓN;;;1.982;1.981;0.973;1.891;1.403;1.992;;1.869;1.969;;2.028;0.0;0.0
06-05-2022;PRINCIPADO DE ASTURIAS;;2.149;1.858;1.764;1.021;1.948;1.55;2.034;2.069;1.912;1.986;;2.054;0.107;0.0
06-05-2022;BALEARES;;;;;1.001;1.994;1.586;2.065;2.034;1.947;2.029;;2.092;0.0;0.0
06-05-2022;CANARIAS;;;2.399;;0.795;1.474;;1.581;;1.478;1.489;;1.593;0.0;0.0
06-05-2022;CANTABRIA;1.899;;;;1.003;1.927;1.482;2.013;;1.899;1.997;;2.036;0.0;0.458
06-05-2022;CASTILLA LA MANCHA;;;2.025;2.008;0.99;1.91;1.428;2.022;1.899;1.88;1.966;1.934;2.022;0.0;0.0
06-05-2022;CASTILLA Y LEÓN;1.935;;2.022;1.898;0.994;1.922;1.497;2.012;1.777;1.891;1.979;1.967;2.034;0.0;0.065
06-05-2022;CATALUÑA;1.841;2.202;2.005;1.921;1.001;1.917;1.496;2.017;1.925;1.879;1.977;;2.047;0.056;0.095
06-05-2022;COMUNIDAD VALENCIANA;1.848;;2.007;1.883;0.99;1.911;1.495;2.011;1.969;1.881;1.972;1.985;2.037;0.0;0.011
06-05-2022;EXTREMADURA;1.918;;1.956;1.946;0.985;1.918;1.469;2.022;;1.874;1.958;;2.02;0.0;0.065
06-05-2022;GALICIA;;2.099;2.099;2.194;1.006;1.936;1.544;2.015;2.011;1.904;1.975;2.059;2.028;0.121;0.0
06-05-2022;COMUNIDAD DE MADRID;2.059;;2.042;1.921;0.996;1.943;1.567;2.036;1.959;1.899;2.003;;2.057;0.0;0.025
06-05-2022;REGIÓN DE MURCIA;;;2.097;1.983;1.0;1.898;1.521;1.981;1.95;1.859;1.905;1.999;1.997;0.0;0.0
06-05-2022;COMUNIDAD FORAL DE NAVARRA;;;1.914;1.789;0.986;1.893;1.425;1.991;1.929;1.87;1.953;;2.03;0.0;0.0
06-05-2022;PAIS VASCO;1.927;1.728;1.92;1.947;0.979;1.953;1.562;2.044;;1.913;1.984;;2.061;0.512;0.181
06-05-2022;LA RIOJA;;;1.87;;0.977;1.901;1.44;2.003;;1.888;1.994;;2.032;0.0;0.0
06-05-2022;CIUDAD AUTÓNOMA DE CEUTA;;;;;;1.601;;1.636;;1.554;1.609;;1.578;0.0;0.0
06-05-2022;CIUDAD AUTÓNOMA DE MELILLA;;;;;;1.512;;1.555;;1.483;;;;0.0;0.0
07-05-2022;ANDALUCÍA;1.835;;1.962;1.697;1.011;1.903;1.464;2.003;1.893;1.877;1.966;1.937;2.031;0.0;0.038
07-05-2022;ARAGÓN;;;1.984;2.001;0.971;1.891;1.407;1.987;;1.879;1.975;;2.032;0.0;0.0
07-05-2022;PRINCIPADO DE ASTURIAS;;2.149;1.858;1.823;1.022;1.947;1.558;2.029;2.069;1.92;1.992;;2.061;0.107;0.0
07-05-2022;BALEARES;;;;;1.009;1.993;1.59;2.062;2.03;1.955;2.029;;2.098;0.0;0.0
07-05-2022;CANARIAS;;;2.399;;0.795;1.474;;1.578;;1.477;1.453;;1.59;0.0;0.0
07-05-2022;CANTABRIA;1.899;;;;1.009;1.926;1.474;2.009;;1.905;1.999;;2.04;0.0;0.458
07-05-2022;CASTILLA LA MANCHA;;;2.025;2.026;0.99;1.91;1.431;2.017;1.899;1.888;1.974;1.934;2.026;0.0;0.0
07-05-2022;CASTILLA Y LEÓN;1.962;;1.923;1.892;0.995;1.92;1.496;2.008;1.777;1.898;1.982;1.967;2.041;0.0;0.064
07-05-2022;CATALUÑA;1.857;2.202;2.006;1.942;1.002;1.915;1.494;2.012;1.927;1.887;1.98;;2.052;0.056;0.095
07-05-2022;COMUNIDAD VALENCIANA;1.864;;2.007;1.91;0.991;1.911;1.496;2.007;1.969;1.887;1.977;1.985;2.041;0.0;0.011
07-05-2022;EXTREMADURA;1.918;;1.956;1.965;0.985;1.92;1.472;2.02;;1.882;1.96;;2.028;0.0;0.065
07-05-2022;GALICIA;;2.148;2.099;2.214;1.008;1.934;1.545;2.011;2.011;1.911;1.982;2.059;2.034;0.121;0.0
07-05-2022;COMUNIDAD DE MADRID;2.059;;2.038;1.954;0.996;1.942;1.565;2.032;1.959;1.906;2.006;;2.062;0.0;0.025
07-05-2022;REGIÓN DE MURCIA;;;2.099;1.998;1.001;1.9;1.525;1.978;1.95;1.866;1.91;1.999;2.002;0.0;0.0
07-05-2022;COMUNIDAD FORAL DE NAVARRA;;;1.914;1.789;0.986;1.893;1.423;1.989;1.929;1.878;1.954;;2.038;0.0;0.0
07-05-2022;PAIS VASCO;1.925;1.728;1.92;1.966;0.979;1.949;1.558;2.037;;1.922;1.993;;2.068;0.514;0.181
07-05-2022;LA RIOJA;;;1.87;;0.977;1.9;1.439;1.997;;1.894;1.989;;2.036;0.0;0.0
07-05-2022;CIUDAD AUTÓNOMA DE CEUTA;;;;;;1.591;;1.626;;1.568;1.609;;1.598;0.0;0.0
07-05-2022;CIUDAD AUTÓNOMA DE MELILLA;;;;;;1.504;;1.546;;1.495;;;;0.0;0.0
08-05-2022;ANDALUCÍA;1.835;;1.962;1.697;1.011;1.901;1.463;2.0;1.893;1.878;1.971;1.937;2.032;0.0;0.038
08-05-2022;ARAGÓN;;;1.984;2.001;0.971;1.889;1.405;1.983;;1.88;1.981;;2.034;0.0;0.0
08-05-2022;PRINCIPADO DE ASTURIAS;;2.149;1.858;1.823;1.022;1.945;1.556;2.027;2.069;1.922;1.996;;2.064;0.107;0.0
08-05-2022;BALEARES;;;;;1.009;1.991;1.59;2.059;2.045;1.957;2.038;;2.1;0.0;0.0
08-05-2022;CANARIAS;;;2.399;;0.795;1.474;;1.578;;1.477;1.453;;1.59;0.0;0.0
08-05-2022;CANTABRIA;1.899;;;;1.009;1.924;1.469;2.007;;1.907;2.014;;2.041;0.0;0.458
08-05-2022;CASTILLA LA MANCHA;;;2.025;2.026;0.99;1.909;1.43;2.014;1.899;1.889;1.98;1.934;2.028;0.0;0.0
08-05-2022;CASTILLA Y LEÓN;1.962;;1.923;1.892;0.995;1.918;1.495;2.004;1.777;1.9;1.991;1.967;2.043;0.0;0.064
08-05-2022;CATALUÑA;1.856;2.202;2.006;1.942;1.002;1.913;1.491;2.008;1.927;1.888;1.987;;2.054;0.056;0.095
08-05-2022;COMUNIDAD VALENCIANA;1.864;;2.007;1.91;0.991;1.909;1.495;2.004;1.969;1.888;1.982;1.985;2.042;0.0;0.011
08-05-2022;EXTREMADURA;1.918;;1.956;1.965;0.985;1.918;1.471;2.015;;1.884;1.968;;2.029;0.0;0.065
08-05-2022;GALICIA;;2.148;2.099;2.214;1.009;1.931;1.542;2.007;2.016;1.912;1.989;2.029;2.035;0.121;0.0
08-05-2022;COMUNIDAD DE MADRID;2.059;;2.038;1.954;0.996;1.939;1.563;2.029;1.959;1.908;2.019;;2.064;0.0;0.025
08-05-2022;REGIÓN DE MURCIA;;;2.099;1.998;1.001;1.898;1.524;1.976;1.95;1.867;1.916;1.999;2.003;0.0;0.0
08-05-2022;COMUNIDAD FORAL DE NAVARRA;;;1.914;1.789;0.986;1.892;1.423;1.986;1.929;1.879;1.961;;2.039;0.0;0.0
08-05-2022;PAIS VASCO;1.913;1.728;1.92;1.966;0.979;1.945;1.556;2.032;;1.924;1.997;;2.069;0.514;0.181
08-05-2022;LA RIOJA;;;1.87;;0.977;1.897;1.441;1.994;;1.895;1.999;;2.037;0.0;0.0
08-05-2022;CIUDAD AUTÓNOMA DE CEUTA;;;;;;1.591;;1.626;;1.568;1.609;;1.598;0.0;0.0
08-05-2022;CIUDAD AUTÓNOMA DE MELILLA;;;;;;1.503;;1.546;;1.497;;;;0.0;0.0
09-05-2022;ANDALUCÍA;1.835;;1.962;1.697;1.011;1.9;1.463;1.999;1.893;1.878;1.971;1.937;2.032;0.0;0.038
09-05-2022;ARAGÓN;;;1.984;2.001;0.971;1.888;1.404;1.982;;1.88;1.982;;2.034;0.0;0.0
09-05-2022;PRINCIPADO DE ASTURIAS;;2.149;1.858;1.823;1.022;1.943;1.552;2.025;2.069;1.923;1.996;;2.064;0.107;0.0
09-05-2022;BALEARES;;;;;1.011;1.99;1.589;2.059;2.04;1.958;2.042;;2.1;0.0;0.0
09-05-2022;CANARIAS;;;;;0.795;1.475;;1.582;;1.478;1.453;;1.593;0.0;0.0
09-05-2022;CANTABRIA;1.899;;;;1.009;1.923;1.469;2.006;;1.907;2.01;;2.041;0.0;0.458
09-05-2022;CASTILLA LA MANCHA;;;2.025;2.026;0.99;1.908;1.43;2.013;1.899;1.889;1.978;1.934;2.028;0.0;0.0
09-05-2022;CASTILLA Y LEÓN;1.962;;1.923;1.892;0.995;1.916;1.493;2.003;1.777;1.9;1.99;1.967;2.043;0.0;0.064
09-05-2022;CATALUÑA;1.856;2.202;2.006;1.942;1.002;1.912;1.491;2.007;1.927;1.888;1.988;;2.054;0.056;0.095
09-05-2022;COMUNIDAD VALENCIANA;1.864;;2.007;1.91;0.991;1.909;1.494;2.003;1.969;1.889;1.984;1.985;2.041;0.0;0.011
09-05-2022;EXTREMADURA;1.918;;1.956;1.965;0.985;1.917;1.473;2.014;;1.884;1.967;;2.029;0.0;0.065
09-05-2022;GALICIA;;2.148;2.099;2.214;1.01;1.93;1.542;2.007;2.016;1.913;1.989;2.029;2.035;0.121;0.0
09-05-2022;COMUNIDAD DE MADRID;2.059;;2.031;1.954;0.996;1.938;1.561;2.027;1.959;1.909;2.021;;2.064;0.0;0.025
09-05-2022;REGIÓN DE MURCIA;;;2.099;1.998;1.001;1.897;1.523;1.974;1.95;1.868;1.918;1.999;2.004;0.0;0.0
09-05-2022;COMUNIDAD FORAL DE NAVARRA;;;1.914;1.789;0.986;1.891;1.422;1.984;1.929;1.879;1.959;;2.039;0.0;0.0
09-05-2022;PAIS VASCO;1.913;1.728;1.92;1.966;0.979;1.944;1.555;2.03;;1.923;1.996;;2.069;0.514;0.181
09-05-2022;LA RIOJA;;;1.87;;0.977;1.896;1.441;1.993;;1.896;1.999;;2.037;0.0;0.0
09-05-2022;CIUDAD AUTÓNOMA DE CEUTA;;;;;;1.591;;1.626;;1.568;1.609;;1.598;0.0;0.0
09-05-2022;CIUDAD AUTÓNOMA DE MELILLA;;;;;;1.503;;1.546;;1.497;;;;0.0;0.0
10-05-2022;ANDALUCÍA;1.833;;1.959;1.685;1.012;1.897;1.463;1.993;1.897;1.885;1.976;1.937;2.039;0.0;0.038
10-05-2022;ARAGÓN;;;1.984;2.001;0.971;1.884;1.405;1.974;;1.887;1.984;;2.038;0.0;0.0
10-05-2022;PRINCIPADO DE ASTURIAS;;2.199;1.858;1.823;1.022;1.936;1.554;2.018;2.109;1.932;2.004;;2.071;0.107;0.0
10-05-2022;BALEARES;;;;;1.014;1.982;1.584;2.052;2.049;1.964;2.048;;2.109;0.0;0.0
10-05-2022;CANARIAS;;;2.399;;0.795;1.477;;1.583;;1.481;1.489;;1.596;0.0;0.0
10-05-2022;CANTABRIA;1.899;;;;1.012;1.92;1.468;2.0;;1.913;2.015;;2.046;0.0;0.458
10-05-2022;CASTILLA LA MANCHA;;;2.003;1.998;0.99;1.905;1.431;2.005;1.899;1.895;1.982;1.934;2.033;0.0;0.0
10-05-2022;CASTILLA Y LEÓN;1.955;;1.903;1.872;0.995;1.91;1.49;1.995;1.762;1.906;1.993;1.902;2.049;0.0;0.064
10-05-2022;CATALUÑA;1.855;2.202;2.008;1.938;1.002;1.907;1.49;2.001;1.933;1.899;1.991;;2.062;0.056;0.095
10-05-2022;COMUNIDAD VALENCIANA;1.848;;2.004;1.893;0.991;1.904;1.493;1.996;1.969;1.895;1.987;1.985;2.049;0.0;0.011
10-05-2022;EXTREMADURA;1.918;;1.984;1.985;0.985;1.915;1.472;2.009;;1.89;1.972;;2.035;0.0;0.065
10-05-2022;GALICIA;;2.148;2.099;2.214;1.013;1.925;1.539;2.0;2.016;1.919;1.994;2.029;2.039;0.121;0.0
10-05-2022;COMUNIDAD DE MADRID;2.064;;2.031;1.954;0.997;1.931;1.558;2.019;1.959;1.915;2.023;;2.071;0.0;0.025
10-05-2022;REGIÓN DE MURCIA;;;2.099;1.998;1.001;1.893;1.524;1.969;1.95;1.875;1.92;2.029;2.013;0.0;0.0
10-05-2022;COMUNIDAD FORAL DE NAVARRA;;;1.914;1.674;0.988;1.888;1.419;1.977;1.929;1.889;1.961;;2.046;0.0;0.0
10-05-2022;PAIS VASCO;1.909;1.728;1.934;1.976;0.979;1.935;1.552;2.024;;1.932;2.001;;2.077;0.512;0.181
10-05-2022;LA RIOJA;;;1.87;;0.977;1.892;1.446;1.984;;1.898;1.994;;2.039;0.0;0.0
10-05-2022;CIUDAD AUTÓNOMA DE CEUTA;;;;;;1.578;;1.609;;1.572;1.624;;1.598;0.0;0.0
10-05-2022;CIUDAD AUTÓNOMA DE MELILLA;;;;;;1.491;;1.533;;1.503;;;;0.0;0.0
11-05-2022;ANDALUCÍA;1.833;;1.959;1.685;1.012;1.891;1.461;1.983;1.897;1.886;1.97;1.937;2.04;0.0;0.038
11-05-2022;ARAGÓN;;;1.984;2.001;0.971;1.876;1.403;1.963;;1.886;1.978;;2.034;0.0;0.0
11-05-2022;PRINCIPADO DE ASTURIAS;;2.199;1.858;1.823;1.023;1.925;1.546;2.006;2.109;1.932;2.001;;2.069;0.107;0.0
11-05-2022;BALEARES;;;;;1.013;1.972;1.576;2.042;2.049;1.962;2.04;;2.106;0.0;0.0
11-05-2022;CANARIAS;;;2.399;;0.795;1.479;;1.586;;1.483;1.489;;1.598;0.0;0.0
11-05-2022;CANTABRIA;1.899;;;;1.014;1.91;1.467;1.99;;1.913;2.009;;2.046;0.0;0.458
11-05-2022;CASTILLA LA MANCHA;;;2.001;1.997;0.993;1.898;1.429;1.995;1.899;1.895;1.978;1.934;2.031;0.0;0.0
11-05-2022;CASTILLA Y LEÓN;1.952;;1.903;1.872;0.996;1.9;1.479;1.983;1.755;1.906;1.99;1.902;2.048;0.0;0.064
11-05-2022;CATALUÑA;1.849;2.202;1.996;1.915;1.002;1.899;1.485;1.991;1.933;1.899;1.987;;2.062;0.056;0.095
11-05-2022;COMUNIDAD VALENCIANA;1.838;;2.004;1.893;0.991;1.896;1.49;1.985;1.969;1.896;1.982;1.985;2.049;0.0;0.011
11-05-2022;EXTREMADURA;1.918;;1.947;1.952;0.985;1.908;1.471;1.998;;1.889;1.967;;2.034;0.0;0.065
11-05-2022;GALICIA;;2.148;2.099;2.214;1.013;1.915;1.532;1.989;2.014;1.919;1.989;2.029;2.039;0.121;0.0
11-05-2022;COMUNIDAD DE MADRID;2.069;;2.031;1.954;0.997;1.923;1.553;2.01;1.959;1.915;2.016;;2.07;0.0;0.025
11-05-2022;REGIÓN DE MURCIA;;;2.099;1.998;1.003;1.885;1.52;1.96;1.95;1.876;1.917;2.029;2.013;0.0;0.0
11-05-2022;COMUNIDAD FORAL DE NAVARRA;;;1.914;1.674;0.987;1.882;1.418;1.967;1.929;1.891;1.959;;2.043;0.0;0.0
11-05-2022;PAIS VASCO;1.907;1.733;1.934;1.976;0.979;1.923;1.546;2.01;;1.929;2.0;;2.074;0.512;0.181
11-05-2022;LA RIOJA;;;1.87;;0.977;1.886;1.444;1.974;;1.897;1.994;;2.041;0.0;0.0
11-05-2022;CIUDAD AUTÓNOMA DE CEUTA;;;;;;1.556;;1.582;;1.584;1.624;;1.614;0.0;0.0
11-05-2022;CIUDAD AUTÓNOMA DE MELILLA;;;;;;1.476;;1.518;;1.515;;;;0.0;0.0
12-05-2022;ANDALUCÍA;1.836;;1.959;1.685;1.012;1.885;1.458;1.976;1.895;1.885;1.967;1.937;2.037;0.0;0.038
12-05-2022;ARAGÓN;;;1.984;2.001;0.971;1.869;1.398;1.954;;1.884;1.975;;2.031;0.0;0.0
12-05-2022;PRINCIPADO DE ASTURIAS;;2.199;1.858;1.823;1.023;1.915;1.537;1.998;2.109;1.93;1.999;;2.068;0.107;0.0
12-05-2022;BALEARES;;;;;1.013;1.961;1.565;2.031;2.04;1.959;2.04;;2.1;0.0;0.0
12-05-2022;CANARIAS;;;2.399;;0.795;1.48;;1.587;;1.484;1.489;;1.599;0.0;0.0
12-05-2022;CANTABRIA;1.899;;;;1.015;1.901;1.455;1.979;;1.909;2.005;;2.042;0.0;0.458
12-05-2022;CASTILLA LA MANCHA;;;1.993;1.98;0.992;1.892;1.426;1.988;1.899;1.893;1.975;1.934;2.029;0.0;0.0
12-05-2022;CASTILLA Y LEÓN;1.945;;1.903;1.872;0.995;1.893;1.475;1.975;1.755;1.904;1.987;1.902;2.044;0.0;0.064
12-05-2022;CATALUÑA;1.837;2.202;1.971;1.872;1.002;1.892;1.48;1.983;1.933;1.896;1.985;;2.059;0.056;0.095
12-05-2022;COMUNIDAD VALENCIANA;1.804;;2.004;1.893;0.99;1.889;1.486;1.977;1.97;1.895;1.981;1.985;2.046;0.0;0.011
12-05-2022;EXTREMADURA;1.918;;1.947;1.952;0.985;1.902;1.468;1.991;;1.888;1.965;;2.031;0.0;0.065
12-05-2022;GALICIA;;2.148;2.099;2.214;1.014;1.905;1.525;1.98;2.011;1.917;1.985;2.059;2.037;0.121;0.0
12-05-2022;COMUNIDAD DE MADRID;2.069;;2.028;1.954;0.997;1.915;1.542;2.001;1.979;1.913;2.013;;2.068;0.0;0.025
12-05-2022;REGIÓN DE MURCIA;;;2.099;1.998;1.003;1.878;1.515;1.952;1.95;1.874;1.913;2.029;2.01;0.0;0.0
12-05-2022;COMUNIDAD FORAL DE NAVARRA;;;1.914;1.674;0.987;1.875;1.416;1.959;1.929;1.889;1.96;;2.04;0.0;0.0
12-05-2022;PAIS VASCO;1.905;1.733;1.934;1.976;0.979;1.915;1.541;2.002;;1.926;1.997;;2.071;0.514;0.181
12-05-2022;LA RIOJA;;;1.87;;0.977;1.878;1.438;1.966;;1.894;1.994;;2.036;0.0;0.0
12-05-2022;CIUDAD AUTÓNOMA DE CEUTA;;;;;;1.534;;1.572;;1.581;1.614;;1.614;0.0;0.0
12-05-2022;CIUDAD AUTÓNOMA DE MELILLA;;;;;;1.463;;1.509;;1.516;;;;0.0;0.0
13-05-2022;ANDALUCÍA;1.834;;1.959;1.685;1.012;1.879;1.454;1.972;1.895;1.885;1.966;1.897;2.037;0.0;0.038
13-05-2022;ARAGÓN;;;1.984;2.001;0.971;1.865;1.396;1.954;;1.885;1.977;;2.034;0.0;0.0
13-05-2022;PRINCIPADO DE ASTURIAS;;2.199;1.858;1.823;1.023;1.909;1.534;1.996;2.109;1.93;2.0;;2.071;0.107;0.0
13-05-2022;BALEARES;;;;;1.013;1.955;1.564;2.028;2.059;1.958;2.038;;2.102;0.0;0.0
13-05-2022;CANARIAS;;;2.399;;0.795;1.48;;1.587;;1.484;1.489;;1.599;0.0;0.0
13-05-2022;CANTABRIA;1.889;;;;1.018;1.894;1.456;1.975;;1.91;2.0;;2.045;0.0;0.458
13-05-2022;CASTILLA LA MANCHA;;;1.992;1.975;0.992;1.888;1.425;1.986;1.939;1.894;1.976;1.934;2.031;0.0;0.0
13-05-2022;CASTILLA Y LEÓN;1.942;;1.903;1.872;0.995;1.888;1.471;1.971;1.745;1.904;1.989;1.845;2.047;0.0;0.064
13-05-2022;CATALUÑA;1.824;2.202;1.971;1.872;1.002;1.889;1.478;1.981;1.933;1.897;1.986;;2.061;0.056;0.095
13-05-2022;COMUNIDAD VALENCIANA;1.804;;2.004;1.893;0.99;1.883;1.482;1.972;1.974;1.894;1.981;1.985;2.047;0.0;0.011
13-05-2022;EXTREMADURA;1.918;;1.947;1.952;0.985;1.897;1.466;1.99;;1.886;1.965;;2.033;0.0;0.065
13-05-2022;GALICIA;;2.196;2.099;2.214;1.014;1.901;1.524;1.978;2.011;1.917;1.982;2.059;2.04;0.121;0.0
13-05-2022;COMUNIDAD DE MADRID;2.069;;2.028;1.954;0.997;1.908;1.537;1.996;1.989;1.912;2.014;;2.069;0.0;0.025
13-05-2022;REGIÓN DE MURCIA;;;2.099;1.998;1.006;1.874;1.513;1.95;1.95;1.873;1.913;2.029;2.011;0.0;0.0
13-05-2022;COMUNIDAD FORAL DE NAVARRA;;;1.914;1.674;0.987;1.871;1.415;1.955;1.929;1.891;1.959;;2.043;0.0;0.0
13-05-2022;PAIS VASCO;1.901;1.733;1.934;1.976;0.979;1.911;1.541;2.003;;1.927;1.995;;2.074;0.514;0.181
13-05-2022;LA RIOJA;;;1.87;;0.977;1.876;1.437;1.967;;1.894;1.994;;2.038;0.0;0.0
13-05-2022;CIUDAD AUTÓNOMA DE CEUTA;;;;;;1.536;;1.579;;1.576;1.614;;1.607;0.0;0.0
13-05-2022;CIUDAD AUTÓNOMA DE MELILLA;;;;;;1.449;;1.494;;1.51;;;;0.0;0.0
